UserID,Gender,Age Group, Top 6 most preferred dishes,laksa,Chili Crab,Char Kway Teow,hainanese chicken rice,Sliced Fish Soup,Fish and Chips,Chinese Economy Rice,Japanese Bento,Curry laksa,Yu Sheng,Duck Rice,Fish Head Curry,Bak Kut Teh,Hokkien Mee,Kway Chap,Roti Prata,Black Pepper Crab,Roti John,Cereal Prawn,Beef Kway Teow,Katong laksa,Sambal Stingray,Crab Bee Hoon Soup,Satay,sum
1,Female,15 - 24,"Sliced Fish Soup, Japanese Bento,Curry laksa, Duck Rice, Hokkien Mee, Crab Bee Hoon Soup",0,0,0,0,1,0,0,1,1,0,1,0,0,1,0,0,0,0,0,0,0,0,1,0,6
2,Male,15 - 24,"Hainanese Chicken Rice, Fish and Chips, Japanese Bento, Bak Kut Teh, Hokkien Mee, Cereal Prawn",0,0,0,1,0,1,0,1,0,0,0,0,1,1,0,0,0,0,1,0,0,0,0,0,6
3,Male,15 - 24,"Char Kway Teow, Hainanese Chicken Rice, Fish and Chips, Japanese Bento, Roti Prata, Roti John",0,0,1,1,0,1,0,1,0,0,0,0,0,0,0,1,0,1,0,0,0,0,0,0,6
4,Female,15 - 24,"Laksa , Hainanese Chicken Rice, Japanese Bento,Curry laksa, Bak Kut Teh, Kway Chap",1,0,0,1,0,0,0,1,1,0,0,0,1,0,1,0,0,0,0,0,0,0,0,0,6
5,Female,15 - 24,"Fish and Chips, Japanese Bento, Duck Rice, Hokkien Mee, Black Pepper Crab, Cereal Prawn",0,0,0,0,0,1,0,1,0,0,1,0,0,1,0,0,1,0,1,0,0,0,0,0,6
6,Male,15 - 24,"Hainanese Chicken Rice, Sliced Fish Soup, Duck Rice, Bak Kut Teh, Hokkien Mee, Kway Chap",0,0,0,1,1,0,0,0,0,0,1,0,1,1,1,0,0,0,0,0,0,0,0,0,6
7,Male,15 - 24,"Chili Crab, Hokkien Mee, Kway Chap, katong laksa, Sambal Stingray, Crab Bee Hoon Soup",0,1,0,0,0,0,0,0,0,0,0,0,0,1,1,0,0,0,0,0,1,1,1,0,6
8,Female,15 - 24,"Hainanese Chicken Rice, Fish and Chips, Japanese Bento,Curry laksa, Duck Rice, Hokkien Mee",0,0,0,1,0,1,0,1,1,0,1,0,0,1,0,0,0,0,0,0,0,0,0,0,6
9,Male,15 - 24,"Laksa , Chili Crab, Hainanese Chicken Rice, Fish and Chips, Hokkien Mee, Roti Prata",1,1,0,1,0,1,0,0,0,0,0,0,0,1,0,1,0,0,0,0,0,0,0,0,6
10,Male,15 - 24,"Char Kway Teow, Hainanese Chicken Rice, Fish and Chips, Chinese Economy Rice, Hokkien Mee, Roti Prata",0,0,1,1,0,1,1,0,0,0,0,0,0,1,0,1,0,0,0,0,0,0,0,0,6
11,Female,15 - 24,"Fish and Chips, Japanese Bento, Duck Rice, Bak Kut Teh, Hokkien Mee, Satay",0,0,0,0,0,1,0,1,0,0,1,0,1,1,0,0,0,0,0,0,0,0,0,1,6
12,Female,15 - 24,"Sliced Fish Soup, Japanese Bento, Duck Rice, Fish Head Curry, Hokkien Mee, Roti Prata",0,0,0,0,1,0,0,1,0,0,1,1,0,1,0,1,0,0,0,0,0,0,0,0,6
13,Male,15 - 24,"Chili Crab, Char Kway Teow, Hainanese Chicken Rice, Bak Kut Teh, Sambal Stingray, Satay",0,1,1,1,0,0,0,0,0,0,0,0,1,0,0,0,0,0,0,0,0,1,0,1,6
14,Female,15 - 24,"Laksa , Hainanese Chicken Rice, Fish and Chips, Roti Prata, Black Pepper Crab, Satay",1,0,0,1,0,1,0,0,0,0,0,0,0,0,0,1,1,0,0,0,0,0,0,1,6
15,Male,15 - 24,"Laksa , Fish and Chips, Chinese Economy Rice, Japanese Bento, Roti Prata, Satay",1,0,0,0,0,1,1,1,0,0,0,0,0,0,0,1,0,0,0,0,0,0,0,1,6
16,Male,15 - 24,"Char Kway Teow, Hainanese Chicken Rice, Bak Kut Teh, Cereal Prawn, Sambal Stingray, Crab Bee Hoon Soup",0,0,1,1,0,0,0,0,0,0,0,0,1,0,0,0,0,0,1,0,0,1,1,0,6
17,Female,15 - 24,"Laksa ,Curry laksa, Bak Kut Teh, Hokkien Mee, Roti Prata, Satay",1,0,0,0,0,0,0,0,1,0,0,0,1,1,0,1,0,0,0,0,0,0,0,1,6
18,Female,14 and below,"Hainanese Chicken Rice, Fish and Chips, Japanese Bento, Hokkien Mee, Roti Prata, Beef Kway Teow",0,0,0,1,0,1,0,1,0,0,0,0,0,1,0,1,0,0,0,1,0,0,0,0,6
19,Female,14 and below,"Laksa , Hainanese Chicken Rice, Fish and Chips, Japanese Bento, Hokkien Mee, Roti Prata",1,0,0,1,0,1,0,1,0,0,0,0,0,1,0,1,0,0,0,0,0,0,0,0,6
20,Male,15 - 24,"Hainanese Chicken Rice, Fish and Chips, Japanese Bento,Curry laksa, Roti Prata, Satay",0,0,0,1,0,1,0,1,1,0,0,0,0,0,0,1,0,0,0,0,0,0,0,1,6
21,Male,15 - 24,"Fish and Chips, Chinese Economy Rice, Japanese Bento, Hokkien Mee, Black Pepper Crab, Roti John",0,0,0,0,0,1,1,1,0,0,0,0,0,1,0,0,1,1,0,0,0,0,0,0,6
22,Female,14 and below,"Hainanese Chicken Rice, Bak Kut Teh, Hokkien Mee, Kway Chap, Roti Prata, Satay",0,0,0,1,0,0,0,0,0,0,0,0,1,1,1,1,0,0,0,0,0,0,0,1,6
23,Female,15 - 24,"Chili Crab, Hainanese Chicken Rice, Fish and Chips,Curry laksa, Fish Head Curry, Roti Prata",0,1,0,1,0,1,0,0,1,0,0,1,0,0,0,1,0,0,0,0,0,0,0,0,6
24,Female,25 - 54,"Laksa , Hainanese Chicken Rice, Sliced Fish Soup, Kway Chap, Roti Prata, Sambal Stingray",1,0,0,1,1,0,0,0,0,0,0,0,0,0,1,1,0,0,0,0,0,1,0,0,6
25,Male,25 - 54,"Laksa , Chili Crab, Duck Rice, Bak Kut Teh, Kway Chap, Roti Prata",1,1,0,0,0,0,0,0,0,0,1,0,1,0,1,1,0,0,0,0,0,0,0,0,6
26,Male,25 - 54,"Chili Crab, Char Kway Teow, Hainanese Chicken Rice, Bak Kut Teh, Hokkien Mee, Katong laksa ",0,1,1,1,0,0,0,0,0,0,0,0,1,1,0,0,0,0,0,0,1,0,0,0,6
27,Female,25 - 54,"Chili Crab, Fish Head Curry, Black Pepper Crab, Cereal Prawn, Sambal Stingray, Crab Bee Hoon Soup",0,1,0,0,0,0,0,0,0,0,0,1,0,0,0,0,1,0,1,0,0,1,1,0,6
28,Female,14 and below,"Fish and Chips, Japanese Bento, Duck Rice, Bak Kut Teh, Roti Prata, Satay",0,0,0,0,0,1,0,1,0,0,1,0,1,0,0,1,0,0,0,0,0,0,0,1,6
29,Male,14 and below,"Laksa , Fish and Chips,Curry laksa, Bak Kut Teh, Roti Prata, Katong laksa ",1,0,0,0,0,1,0,0,1,0,0,0,1,0,0,1,0,0,0,0,1,0,0,0,6
30,Female,15 - 24,"Chili Crab, Hainanese Chicken Rice, Hokkien Mee, Roti Prata, Cereal Prawn, Sambal Stingray",0,1,0,1,0,0,0,0,0,0,0,0,0,1,0,1,0,0,1,0,0,1,0,0,6
31,Female,14 and below,"Hainanese Chicken Rice, Fish and Chips, Chinese Economy Rice, Japanese Bento, Hokkien Mee, Roti Prata",0,0,0,1,0,1,1,1,0,0,0,0,0,1,0,1,0,0,0,0,0,0,0,0,6
32,Male,14 and below,"Hainanese Chicken Rice, Chinese Economy Rice, Japanese Bento,Curry laksa, Bak Kut Teh, Roti Prata",0,0,0,1,0,0,1,1,1,0,0,0,1,0,0,1,0,0,0,0,0,0,0,0,6
33,Female,14 and below,"Hainanese Chicken Rice, Sliced Fish Soup, Fish and Chips,Curry laksa, Yu Sheng, Roti Prata",0,0,0,1,1,1,0,0,1,1,0,0,0,0,0,1,0,0,0,0,0,0,0,0,6
34,Female,14 and below,"Char Kway Teow, Hainanese Chicken Rice, Sliced Fish Soup, Fish and Chips, Japanese Bento, Roti Prata",0,0,1,1,1,1,0,1,0,0,0,0,0,0,0,1,0,0,0,0,0,0,0,0,6
35,Female,14 and below,"Hainanese Chicken Rice, Fish and Chips, Hokkien Mee, Roti Prata, Sambal Stingray, Satay",0,0,0,1,0,1,0,0,0,0,0,0,0,1,0,1,0,0,0,0,0,1,0,1,6
36,Female,15 - 24,"Hainanese Chicken Rice, Sliced Fish Soup, Hokkien Mee, Roti Prata, Cereal Prawn, Sambal Stingray",0,0,0,1,1,0,0,0,0,0,0,0,0,1,0,1,0,0,1,0,0,1,0,0,6
37,Male,25 - 54,"Laksa , Hainanese Chicken Rice, Japanese Bento,Curry laksa, Roti John, Katong laksa ",1,0,0,1,0,0,0,1,1,0,0,0,0,0,0,0,0,1,0,0,1,0,0,0,6
38,Female,14 and below,"Hainanese Chicken Rice, Fish and Chips, Japanese Bento, Kway Chap, Roti Prata, Satay",0,0,0,1,0,1,0,1,0,0,0,0,0,0,1,1,0,0,0,0,0,0,0,1,6
39,Female,14 and below,"Chinese Economy Rice, Yu Sheng, Duck Rice, Hokkien Mee, Roti Prata, Roti John",0,0,0,0,0,0,1,0,0,1,1,0,0,1,0,1,0,1,0,0,0,0,0,0,6
40,Male,15 - 24,"Hainanese Chicken Rice,Curry laksa, Duck Rice, Hokkien Mee, Cereal Prawn, Satay",0,0,0,1,0,0,0,0,1,0,1,0,0,1,0,0,0,0,1,0,0,0,0,1,6
41,Male,15 - 24,"Laksa , Chili Crab,Curry laksa, Roti Prata, Black Pepper Crab, Cereal Prawn",1,1,0,0,0,0,0,0,1,0,0,0,0,0,0,1,1,0,1,0,0,0,0,0,6
42,Male,25 - 54,"Chili Crab, Char Kway Teow, Hainanese Chicken Rice, Sliced Fish Soup, Fish and Chips, Chinese Economy Rice",0,1,1,1,1,1,1,0,0,0,0,0,0,0,0,0,0,0,0,0,0,0,0,0,6
43,Female,15 - 24,"Char Kway Teow, Fish and Chips, Japanese Bento, Bak Kut Teh, Hokkien Mee, Katong laksa ",0,0,1,0,0,1,0,1,0,0,0,0,1,1,0,0,0,0,0,0,1,0,0,0,6
44,Female,15 - 24,"Laksa , Chili Crab, Char Kway Teow, Bak Kut Teh, Hokkien Mee, Cereal Prawn",1,1,1,0,0,0,0,0,0,0,0,0,1,1,0,0,0,0,1,0,0,0,0,0,6
45,Female,25 - 54,"Sliced Fish Soup,Curry laksa, Fish Head Curry, Sambal Stingray, Crab Bee Hoon Soup, Satay",0,0,0,0,1,0,0,0,1,0,0,1,0,0,0,0,0,0,0,0,0,1,1,1,6
46,Male,25 - 54,"Chili Crab, Char Kway Teow, Hainanese Chicken Rice, Sliced Fish Soup, Fish and Chips, Chinese Economy Rice",0,1,1,1,1,1,1,0,0,0,0,0,0,0,0,0,0,0,0,0,0,0,0,0,6
47,Male,55 - 64,"Chili Crab, Hainanese Chicken Rice, Sliced Fish Soup, Chinese Economy Rice, Kway Chap, Sambal Stingray",0,1,0,1,1,0,1,0,0,0,0,0,0,0,1,0,0,0,0,0,0,1,0,0,6
48,Male,25 - 54,"Chili Crab, Char Kway Teow, Hainanese Chicken Rice, Hokkien Mee, Roti Prata, Sambal Stingray",0,1,1,1,0,0,0,0,0,0,0,0,0,1,0,1,0,0,0,0,0,1,0,0,6
49,Male,25 - 54,"Chili Crab, Hainanese Chicken Rice, Sliced Fish Soup, Chinese Economy Rice, Hokkien Mee, Roti Prata",0,1,0,1,1,0,1,0,0,0,0,0,0,1,0,1,0,0,0,0,0,0,0,0,6
50,Male,55 - 64,"Char Kway Teow, Hainanese Chicken Rice, Chinese Economy Rice, Bak Kut Teh, Hokkien Mee, Kway Chap",0,0,1,1,0,0,1,0,0,0,0,0,1,1,1,0,0,0,0,0,0,0,0,0,6
51,Male,15 - 24,"Laksa , Chili Crab, Char Kway Teow, Hainanese Chicken Rice,Curry laksa, Bak Kut Teh",1,1,1,1,0,0,0,0,1,0,0,0,1,0,0,0,0,0,0,0,0,0,0,0,6
52,Female,55 - 64,"Laksa , Chili Crab, Fish Head Curry, Kway Chap, katong laksa, Crab Bee Hoon Soup",1,1,0,0,0,0,0,0,0,0,0,1,0,0,1,0,0,0,0,0,1,0,1,0,6
53,Female,15 - 24,"Hainanese Chicken Rice, Chinese Economy Rice, Hokkien Mee, Roti Prata, Cereal Prawn, Satay",0,0,0,1,0,0,1,0,0,0,0,0,0,1,0,1,0,0,1,0,0,0,0,1,6
54,Female,15 - 24,"Laksa , Chili Crab, Char Kway Teow, Hainanese Chicken Rice, Fish and Chips, Duck Rice",1,1,1,1,0,1,0,0,0,0,1,0,0,0,0,0,0,0,0,0,0,0,0,0,6
55,Female,25 - 54,"Sliced Fish Soup, Fish and Chips, Hokkien Mee, Kway Chap, Roti Prata, Cereal Prawn",0,0,0,0,1,1,0,0,0,0,0,0,0,1,1,1,0,0,1,0,0,0,0,0,6
56,Female,15 - 24,"Laksa , Chili Crab, Char Kway Teow, Hainanese Chicken Rice, Fish and Chips, Japanese Bento",1,1,1,1,0,1,0,1,0,0,0,0,0,0,0,0,0,0,0,0,0,0,0,0,6
57,Female,15 - 24,"Laksa , Chili Crab, Char Kway Teow, Hainanese Chicken Rice, Fish Head Curry, Hokkien Mee",1,1,1,1,0,0,0,0,0,0,0,1,0,1,0,0,0,0,0,0,0,0,0,0,6
58,Female,15 - 24,"Laksa , Chili Crab, Char Kway Teow, Hainanese Chicken Rice, Sliced Fish Soup, Chinese Economy Rice",1,1,1,1,1,0,1,0,0,0,0,0,0,0,0,0,0,0,0,0,0,0,0,0,6
59,Female,15 - 24,"Laksa , Chili Crab, Char Kway Teow, Fish and Chips, Japanese Bento, Duck Rice",1,1,1,0,0,1,0,1,0,0,1,0,0,0,0,0,0,0,0,0,0,0,0,0,6
60,Female,15 - 24,"Laksa , Sliced Fish Soup, Japanese Bento,Curry laksa, Duck Rice, Fish Head Curry",1,0,0,0,1,0,0,1,1,0,1,1,0,0,0,0,0,0,0,0,0,0,0,0,6
61,Female,15 - 24,"Hainanese Chicken Rice, Fish and Chips, Chinese Economy Rice, Duck Rice, Fish Head Curry, Hokkien Mee",0,0,0,1,0,1,1,0,0,0,1,1,0,1,0,0,0,0,0,0,0,0,0,0,6
62,Male,55 - 64,"Laksa , Chili Crab, Char Kway Teow, Hainanese Chicken Rice, Fish and Chips, Black Pepper Crab",1,1,1,1,0,1,0,0,0,0,0,0,0,0,0,0,1,0,0,0,0,0,0,0,6
63,Female,15 - 24,"Japanese Bento, Hokkien Mee, Roti John, Cereal Prawn, Sambal Stingray, Satay",0,0,0,0,0,0,0,1,0,0,0,0,0,1,0,0,0,1,1,0,0,1,0,1,6
64,Male,15 - 24,"Fish and Chips, Duck Rice, Bak Kut Teh, Roti Prata, Cereal Prawn, Crab Bee Hoon Soup",0,0,0,0,0,1,0,0,0,0,1,0,1,0,0,1,0,0,1,0,0,0,1,0,6
65,Female,15 - 24,"Laksa , Hainanese Chicken Rice, Yu Sheng, Bak Kut Teh, Kway Chap, Roti Prata",1,0,0,1,0,0,0,0,0,1,0,0,1,0,1,1,0,0,0,0,0,0,0,0,6
66,Female,55 - 64,"Laksa , Chili Crab, Char Kway Teow, Hainanese Chicken Rice, Sliced Fish Soup, Fish and Chips",1,1,1,1,1,1,0,0,0,0,0,0,0,0,0,0,0,0,0,0,0,0,0,0,6
67,Male,15 - 24,"Laksa , Hainanese Chicken Rice, Chinese Economy Rice, Bak Kut Teh, katong laksa, Satay",1,0,0,1,0,0,1,0,0,0,0,0,1,0,0,0,0,0,0,0,1,0,0,1,6
68,Male,15 - 24,"Fish and Chips, Japanese Bento, Yu Sheng, Hokkien Mee, Kway Chap, Cereal Prawn",0,0,0,0,0,1,0,1,0,1,0,0,0,1,1,0,0,0,1,0,0,0,0,0,6
69,Female,25 - 54,"Hainanese Chicken Rice, Sliced Fish Soup,Curry laksa, Bak Kut Teh, Kway Chap, Sambal Stingray",0,0,0,1,1,0,0,0,1,0,0,0,1,0,1,0,0,0,0,0,0,1,0,0,6
70,Male,55 - 64,"Char Kway Teow, Sliced Fish Soup, Duck Rice, Hokkien Mee, Beef Kway Teow, Satay",0,0,1,0,1,0,0,0,0,0,1,0,0,1,0,0,0,0,0,1,0,0,0,1,6
71,Female,15 - 24,"Fish and Chips, Hokkien Mee, Cereal Prawn, katong laksa, Sambal Stingray, Satay",0,0,0,0,0,1,0,0,0,0,0,0,0,1,0,0,0,0,1,0,1,1,0,1,6
72,Male,15 - 24,"Laksa , Char Kway Teow, Fish and Chips, Yu Sheng, Bak Kut Teh, Hokkien Mee",1,0,1,0,0,1,0,0,0,1,0,0,1,1,0,0,0,0,0,0,0,0,0,0,6
73,Female,25 - 54,"Chili Crab, Char Kway Teow, Hainanese Chicken Rice,Curry laksa, Duck Rice, Fish Head Curry",0,1,1,1,0,0,0,0,1,0,1,1,0,0,0,0,0,0,0,0,0,0,0,0,6
74,Male,55 - 64,"Chili Crab, Char Kway Teow, Beef Kway Teow, katong laksa, Sambal Stingray, Satay",0,1,1,0,0,0,0,0,0,0,0,0,0,0,0,0,0,0,0,1,1,1,0,1,6
75,Female,15 - 24,"Laksa , Fish and Chips, Japanese Bento, Yu Sheng, Roti Prata, Beef Kway Teow",1,0,0,0,0,1,0,1,0,1,0,0,0,0,0,1,0,0,0,1,0,0,0,0,6
76,Female,15 - 24,"Laksa , Hainanese Chicken Rice, Japanese Bento, Roti Prata, Roti John, Katong laksa ",1,0,0,1,0,0,0,1,0,0,0,0,0,0,0,1,0,1,0,0,1,0,0,0,6
77,Female,25 - 54,"Laksa , Chili Crab, Char Kway Teow, Hainanese Chicken Rice, Hokkien Mee, Satay",1,1,1,1,0,0,0,0,0,0,0,0,0,1,0,0,0,0,0,0,0,0,0,1,6
78,Female,15 - 24,"Chili Crab, Japanese Bento, Duck Rice, Bak Kut Teh, Kway Chap, Sambal Stingray",0,1,0,0,0,0,0,1,0,0,1,0,1,0,1,0,0,0,0,0,0,1,0,0,6
79,Female,25 - 54,"Char Kway Teow, Fish and Chips, Japanese Bento, Bak Kut Teh, Hokkien Mee, Satay",0,0,1,0,0,1,0,1,0,0,0,0,1,1,0,0,0,0,0,0,0,0,0,1,6
80,Female,15 - 24,"Laksa , Hainanese Chicken Rice,Curry laksa, Fish Head Curry, Bak Kut Teh, Hokkien Mee",1,0,0,1,0,0,0,0,1,0,0,1,1,1,0,0,0,0,0,0,0,0,0,0,6
81,Female,15 - 24,"Chili Crab, Char Kway Teow, Hainanese Chicken Rice, Fish Head Curry, Bak Kut Teh, Hokkien Mee",0,1,1,1,0,0,0,0,0,0,0,1,1,1,0,0,0,0,0,0,0,0,0,0,6
82,Male,25 - 54,"Laksa , Chili Crab, Sliced Fish Soup, Duck Rice, katong laksa, Sambal Stingray",1,1,0,0,1,0,0,0,0,0,1,0,0,0,0,0,0,0,0,0,1,1,0,0,6
83,Male,15 - 24,"Chili Crab, Duck Rice, Fish Head Curry, Hokkien Mee, Kway Chap, Roti Prata",0,1,0,0,0,0,0,0,0,0,1,1,0,1,1,1,0,0,0,0,0,0,0,0,6
84,Male,25 - 54,"Chili Crab, Hainanese Chicken Rice,Curry laksa, Bak Kut Teh, Black Pepper Crab, Sambal Stingray",0,1,0,1,0,0,0,0,1,0,0,0,1,0,0,0,1,0,0,0,0,1,0,0,6
85,Male,25 - 54,"Char Kway Teow, Hainanese Chicken Rice, Sliced Fish Soup, Chinese Economy Rice, Bak Kut Teh, Crab Bee Hoon Soup",0,0,1,1,1,0,1,0,0,0,0,0,1,0,0,0,0,0,0,0,0,0,1,0,6
86,Male,25 - 54,"Char Kway Teow, Hainanese Chicken Rice, Duck Rice, Fish Head Curry, Sambal Stingray, Satay",0,0,1,1,0,0,0,0,0,0,1,1,0,0,0,0,0,0,0,0,0,1,0,1,6
87,Male,15 - 24,"Chili Crab, Chinese Economy Rice, Japanese Bento, Bak Kut Teh, Hokkien Mee, Black Pepper Crab",0,1,0,0,0,0,1,1,0,0,0,0,1,1,0,0,1,0,0,0,0,0,0,0,6
88,Male,15 - 24,"Chili Crab, Sliced Fish Soup, Bak Kut Teh, Hokkien Mee, Cereal Prawn, Sambal Stingray",0,1,0,0,1,0,0,0,0,0,0,0,1,1,0,0,0,0,1,0,0,1,0,0,6
89,Female,25 - 54,"Bak Kut Teh, Kway Chap, Black Pepper Crab, Sambal Stingray, Crab Bee Hoon Soup, Satay",0,0,0,0,0,0,0,0,0,0,0,0,1,0,1,0,1,0,0,0,0,1,1,1,6
90,Male,25 - 54,"Laksa , Hainanese Chicken Rice,Curry laksa, Yu Sheng, Hokkien Mee, Black Pepper Crab",1,0,0,1,0,0,0,0,1,1,0,0,0,1,0,0,1,0,0,0,0,0,0,0,6
91,Female,15 - 24,"Sliced Fish Soup, Chinese Economy Rice, Bak Kut Teh, Kway Chap, Sambal Stingray, Satay",0,0,0,0,1,0,1,0,0,0,0,0,1,0,1,0,0,0,0,0,0,1,0,1,6
92,Male,15 - 24,"Char Kway Teow, Hainanese Chicken Rice, Sliced Fish Soup, Bak Kut Teh, Kway Chap, Satay",0,0,1,1,1,0,0,0,0,0,0,0,1,0,1,0,0,0,0,0,0,0,0,1,6
93,Female,15 - 24,"Laksa , Chili Crab, Hainanese Chicken Rice, Japanese Bento, Roti Prata, Cereal Prawn",1,1,0,1,0,0,0,1,0,0,0,0,0,0,0,1,0,0,1,0,0,0,0,0,6
94,Female,15 - 24,"Hainanese Chicken Rice, Japanese Bento, Duck Rice, Bak Kut Teh, Cereal Prawn, Crab Bee Hoon Soup",0,0,0,1,0,0,0,1,0,0,1,0,1,0,0,0,0,0,1,0,0,0,1,0,6
95,Male,15 - 24,"Chili Crab, Bak Kut Teh, Hokkien Mee, Kway Chap, Sambal Stingray, Satay",0,1,0,0,0,0,0,0,0,0,0,0,1,1,1,0,0,0,0,0,0,1,0,1,6
96,Female,15 - 24,"Chili Crab, Sliced Fish Soup, Japanese Bento, Hokkien Mee, Cereal Prawn, Katong laksa ",0,1,0,0,1,0,0,1,0,0,0,0,0,1,0,0,0,0,1,0,1,0,0,0,6
97,Female,55 - 64,"Chili Crab, Char Kway Teow, Japanese Bento, Hokkien Mee, Kway Chap, Black Pepper Crab",0,1,1,0,0,0,0,1,0,0,0,0,0,1,1,0,1,0,0,0,0,0,0,0,6
98,Female,15 - 24,"Laksa , Hainanese Chicken Rice, Sliced Fish Soup, Bak Kut Teh, Black Pepper Crab, Satay",1,0,0,1,1,0,0,0,0,0,0,0,1,0,0,0,1,0,0,0,0,0,0,1,6
99,Female,25 - 54,"Chili Crab, Char Kway Teow, Hainanese Chicken Rice, Fish Head Curry, Hokkien Mee, Crab Bee Hoon Soup",0,1,1,1,0,0,0,0,0,0,0,1,0,1,0,0,0,0,0,0,0,0,1,0,6
100,Female,15 - 24,"Char Kway Teow, Hainanese Chicken Rice, Japanese Bento, Kway Chap, Roti Prata, Beef Kway Teow",0,0,1,1,0,0,0,1,0,0,0,0,0,0,1,1,0,0,0,1,0,0,0,0,6
101,Male,15 - 24,"Laksa , Hainanese Chicken Rice, Japanese Bento, Kway Chap, Cereal Prawn, Satay",1,0,0,1,0,0,0,1,0,0,0,0,0,0,1,0,0,0,1,0,0,0,0,1,6
102,Male,15 - 24,"Laksa , Hainanese Chicken Rice, Sliced Fish Soup, Chinese Economy Rice, Roti Prata, Sambal Stingray",1,0,0,1,1,0,1,0,0,0,0,0,0,0,0,1,0,0,0,0,0,1,0,0,6
103,Female,15 - 24,"Hainanese Chicken Rice, Sliced Fish Soup, Fish and Chips, Duck Rice, Hokkien Mee, Black Pepper Crab",0,0,0,1,1,1,0,0,0,0,1,0,0,1,0,0,1,0,0,0,0,0,0,0,6
104,Female,15 - 24,"Laksa , Chili Crab, Japanese Bento, Kway Chap, Roti Prata, Sambal Stingray",1,1,0,0,0,0,0,1,0,0,0,0,0,0,1,1,0,0,0,0,0,1,0,0,6
105,Male,14 and below,"Hainanese Chicken Rice, Fish and Chips, Duck Rice, Bak Kut Teh, Roti Prata, Satay",0,0,0,1,0,1,0,0,0,0,1,0,1,0,0,1,0,0,0,0,0,0,0,1,6
106,Male,15 - 24,"Hainanese Chicken Rice, Hokkien Mee, Black Pepper Crab, Cereal Prawn, Sambal Stingray, Crab Bee Hoon Soup",0,0,0,1,0,0,0,0,0,0,0,0,0,1,0,0,1,0,1,0,0,1,1,0,6
107,Male,15 - 24,"Fish and Chips, Chinese Economy Rice, Japanese Bento, Roti Prata, Sambal Stingray, Satay",0,0,0,0,0,1,1,1,0,0,0,0,0,0,0,1,0,0,0,0,0,1,0,1,6
108,Male,15 - 24,"Laksa , Hainanese Chicken Rice, Chinese Economy Rice, Japanese Bento, Roti Prata, Satay",1,0,0,1,0,0,1,1,0,0,0,0,0,0,0,1,0,0,0,0,0,0,0,1,6
109,Female,15 - 24,"Char Kway Teow, Hainanese Chicken Rice, Hokkien Mee, Roti Prata, Roti John, Sambal Stingray",0,0,1,1,0,0,0,0,0,0,0,0,0,1,0,1,0,1,0,0,0,1,0,0,6
110,Female,15 - 24,"Hainanese Chicken Rice, Hokkien Mee, Roti Prata, Black Pepper Crab, Sambal Stingray, Satay",0,0,0,1,0,0,0,0,0,0,0,0,0,1,0,1,1,0,0,0,0,1,0,1,6
111,Male,15 - 24,"Hainanese Chicken Rice, Fish and Chips, Chinese Economy Rice, Hokkien Mee, Roti Prata, Satay",0,0,0,1,0,1,1,0,0,0,0,0,0,1,0,1,0,0,0,0,0,0,0,1,6
112,Female,55 - 64,"Laksa , Char Kway Teow, Japanese Bento, Duck Rice, Fish Head Curry, Kway Chap",1,0,1,0,0,0,0,1,0,0,1,1,0,0,1,0,0,0,0,0,0,0,0,0,6
113,Female,25 - 54,"Hainanese Chicken Rice, Sliced Fish Soup, Hokkien Mee, katong laksa, Sambal Stingray, Satay",0,0,0,1,1,0,0,0,0,0,0,0,0,1,0,0,0,0,0,0,1,1,0,1,6
114,Male,15 - 24,"Hainanese Chicken Rice, Japanese Bento, Roti Prata, katong laksa, Sambal Stingray, Satay",0,0,0,1,0,0,0,1,0,0,0,0,0,0,0,1,0,0,0,0,1,1,0,1,6
115,Female,15 - 24,"Chili Crab, Hainanese Chicken Rice,Curry laksa, Roti John, Cereal Prawn, Satay",0,1,0,1,0,0,0,0,1,0,0,0,0,0,0,0,0,1,1,0,0,0,0,1,6
116,Female,15 - 24,"Laksa , Hainanese Chicken Rice,Curry laksa, Roti Prata, Roti John, Satay",1,0,0,1,0,0,0,0,1,0,0,0,0,0,0,1,0,1,0,0,0,0,0,1,6
117,Female,55 - 64,"Laksa , Char Kway Teow,Curry laksa, Hokkien Mee, Roti Prata, Satay",1,0,1,0,0,0,0,0,1,0,0,0,0,1,0,1,0,0,0,0,0,0,0,1,6
118,Male,15 - 24,"Char Kway Teow, Fish and Chips, Japanese Bento, Bak Kut Teh, Hokkien Mee, Roti Prata",0,0,1,0,0,1,0,1,0,0,0,0,1,1,0,1,0,0,0,0,0,0,0,0,6
119,Male,15 - 24,"Fish and Chips, Chinese Economy Rice, Japanese Bento, Duck Rice, Bak Kut Teh, Hokkien Mee",0,0,0,0,0,1,1,1,0,0,1,0,1,1,0,0,0,0,0,0,0,0,0,0,6
120,Male,15 - 24,"Laksa , Char Kway Teow, Bak Kut Teh, Hokkien Mee, Cereal Prawn, Sambal Stingray",1,0,1,0,0,0,0,0,0,0,0,0,1,1,0,0,0,0,1,0,0,1,0,0,6
121,Male,15 - 24,"Chili Crab, Sliced Fish Soup, Bak Kut Teh, Black Pepper Crab, Crab Bee Hoon Soup, Satay",0,1,0,0,1,0,0,0,0,0,0,0,1,0,0,0,1,0,0,0,0,0,1,1,6
122,Male,15 - 24,"Sliced Fish Soup,Curry laksa, Bak Kut Teh, Sambal Stingray, Crab Bee Hoon Soup, Satay",0,0,0,0,1,0,0,0,1,0,0,0,1,0,0,0,0,0,0,0,0,1,1,1,6
123,Male,15 - 24,"Laksa , Hainanese Chicken Rice, Japanese Bento, Cereal Prawn, katong laksa, Satay",1,0,0,1,0,0,0,1,0,0,0,0,0,0,0,0,0,0,1,0,1,0,0,1,6
124,Male,15 - 24,"Hainanese Chicken Rice, Fish and Chips, Bak Kut Teh, Roti Prata, Sambal Stingray, Satay",0,0,0,1,0,1,0,0,0,0,0,0,1,0,0,1,0,0,0,0,0,1,0,1,6
125,Female,15 - 24,"Fish and Chips, Chinese Economy Rice, Hokkien Mee, Roti Prata, Sambal Stingray, Crab Bee Hoon Soup",0,0,0,0,0,1,1,0,0,0,0,0,0,1,0,1,0,0,0,0,0,1,1,0,6
126,Female,65 and above,"Chili Crab, Japanese Bento,Curry laksa, Duck Rice, Hokkien Mee, Roti Prata",0,1,0,0,0,0,0,1,1,0,1,0,0,1,0,1,0,0,0,0,0,0,0,0,6
127,Female,25 - 54,"Laksa , Sliced Fish Soup, Chinese Economy Rice, Japanese Bento, Duck Rice, Roti Prata",1,0,0,0,1,0,1,1,0,0,1,0,0,0,0,1,0,0,0,0,0,0,0,0,6
128,Male,15 - 24,"Chili Crab, Bak Kut Teh, Kway Chap, Cereal Prawn, katong laksa, Sambal Stingray",0,1,0,0,0,0,0,0,0,0,0,0,1,0,1,0,0,0,1,0,1,1,0,0,6
129,Female,55 - 64,"Laksa , Char Kway Teow, Hainanese Chicken Rice, Fish Head Curry, Hokkien Mee, Katong laksa ",1,0,1,1,0,0,0,0,0,0,0,1,0,1,0,0,0,0,0,0,1,0,0,0,6
130,Female,14 and below,"Char Kway Teow, Hainanese Chicken Rice, Sliced Fish Soup, Fish and Chips, Chinese Economy Rice, Japanese Bento",0,0,1,1,1,1,1,1,0,0,0,0,0,0,0,0,0,0,0,0,0,0,0,0,6
131,Male,25 - 54,"Sliced Fish Soup, Japanese Bento, Fish Head Curry, Black Pepper Crab, Cereal Prawn, Katong laksa ",0,0,0,0,1,0,0,1,0,0,0,1,0,0,0,0,1,0,1,0,1,0,0,0,6
132,Female,65 and above,"Chili Crab, Char Kway Teow, Hainanese Chicken Rice, Sliced Fish Soup, Japanese Bento, Kway Chap",0,1,1,1,1,0,0,1,0,0,0,0,0,0,1,0,0,0,0,0,0,0,0,0,6
133,Female,15 - 24,"Laksa , Hokkien Mee, Black Pepper Crab, Cereal Prawn, Sambal Stingray, Satay",1,0,0,0,0,0,0,0,0,0,0,0,0,1,0,0,1,0,1,0,0,1,0,1,6
134,Female,15 - 24,"Hainanese Chicken Rice, Fish and Chips, Japanese Bento, Hokkien Mee, Roti Prata, Roti John",0,0,0,1,0,1,0,1,0,0,0,0,0,1,0,1,0,1,0,0,0,0,0,0,6
135,Female,15 - 24,"Char Kway Teow, Fish and Chips, Chinese Economy Rice, Japanese Bento, Hokkien Mee, Beef Kway Teow",0,0,1,0,0,1,1,1,0,0,0,0,0,1,0,0,0,0,0,1,0,0,0,0,6
136,Female,15 - 24,"Laksa , Hainanese Chicken Rice, Duck Rice, Hokkien Mee, katong laksa, Crab Bee Hoon Soup",1,0,0,1,0,0,0,0,0,0,1,0,0,1,0,0,0,0,0,0,1,0,1,0,6
137,Male,25 - 54,"Laksa , Chili Crab, Hainanese Chicken Rice, Japanese Bento, Fish Head Curry, Black Pepper Crab",1,1,0,1,0,0,0,1,0,0,0,1,0,0,0,0,1,0,0,0,0,0,0,0,6
138,Male,65 and above,"Hainanese Chicken Rice, Sliced Fish Soup, Roti Prata, Cereal Prawn, Crab Bee Hoon Soup, Satay",0,0,0,1,1,0,0,0,0,0,0,0,0,0,0,1,0,0,1,0,0,0,1,1,6
139,Male,15 - 24,"Char Kway Teow, Hainanese Chicken Rice, Sliced Fish Soup, Chinese Economy Rice, Hokkien Mee, Cereal Prawn",0,0,1,1,1,0,1,0,0,0,0,0,0,1,0,0,0,0,1,0,0,0,0,0,6
140,Female,15 - 24,"Char Kway Teow, Bak Kut Teh, Hokkien Mee, Roti Prata, katong laksa, Sambal Stingray",0,0,1,0,0,0,0,0,0,0,0,0,1,1,0,1,0,0,0,0,1,1,0,0,6
141,Female,65 and above,"Hainanese Chicken Rice, Sliced Fish Soup, Chinese Economy Rice, Bak Kut Teh, Hokkien Mee, Crab Bee Hoon Soup",0,0,0,1,1,0,1,0,0,0,0,0,1,1,0,0,0,0,0,0,0,0,1,0,6
142,Female,25 - 54,"Chili Crab, Sliced Fish Soup, Bak Kut Teh, Black Pepper Crab, Cereal Prawn, Sambal Stingray",0,1,0,0,1,0,0,0,0,0,0,0,1,0,0,0,1,0,1,0,0,1,0,0,6
143,Female,15 - 24,"Chili Crab, Fish and Chips, Bak Kut Teh, Roti Prata, Cereal Prawn, Sambal Stingray",0,1,0,0,0,1,0,0,0,0,0,0,1,0,0,1,0,0,1,0,0,1,0,0,6
144,Male,15 - 24,"Chili Crab, Char Kway Teow, Japanese Bento, Fish Head Curry, Hokkien Mee, Sambal Stingray",0,1,1,0,0,0,0,1,0,0,0,1,0,1,0,0,0,0,0,0,0,1,0,0,6
145,Male,15 - 24,"Laksa , Hainanese Chicken Rice, Sliced Fish Soup, Chinese Economy Rice, Duck Rice, Bak Kut Teh",1,0,0,1,1,0,1,0,0,0,1,0,1,0,0,0,0,0,0,0,0,0,0,0,6
146,Female,15 - 24,"Hainanese Chicken Rice, Fish Head Curry, Roti Prata, Black Pepper Crab, Crab Bee Hoon Soup, Satay",0,0,0,1,0,0,0,0,0,0,0,1,0,0,0,1,1,0,0,0,0,0,1,1,6
147,Male,15 - 24,"Chili Crab, Fish and Chips, Chinese Economy Rice,Curry laksa, Fish Head Curry, Bak Kut Teh",0,1,0,0,0,1,1,0,1,0,0,1,1,0,0,0,0,0,0,0,0,0,0,0,6
148,Male,14 and below,"Hainanese Chicken Rice, Fish and Chips, Chinese Economy Rice, Japanese Bento, Roti Prata, Cereal Prawn",0,0,0,1,0,1,1,1,0,0,0,0,0,0,0,1,0,0,1,0,0,0,0,0,6
149,Female,25 - 54,"Laksa ,Curry laksa, Fish Head Curry, Bak Kut Teh, katong laksa, Crab Bee Hoon Soup",1,0,0,0,0,0,0,0,1,0,0,1,1,0,0,0,0,0,0,0,1,0,1,0,6
150,Female,15 - 24,"Sliced Fish Soup, Japanese Bento, Hokkien Mee, Kway Chap, Roti Prata, Cereal Prawn",0,0,0,0,1,0,0,1,0,0,0,0,0,1,1,1,0,0,1,0,0,0,0,0,6
151,Male,15 - 24,"Laksa , Chili Crab,Curry laksa, Fish Head Curry, katong laksa, Sambal Stingray",1,1,0,0,0,0,0,0,1,0,0,1,0,0,0,0,0,0,0,0,1,1,0,0,6
152,Male,55 - 64,"Chili Crab, Duck Rice, Fish Head Curry, Bak Kut Teh, Hokkien Mee, Black Pepper Crab",0,1,0,0,0,0,0,0,0,0,1,1,1,1,0,0,1,0,0,0,0,0,0,0,6
153,Female,25 - 54,"Laksa , Japanese Bento, Hokkien Mee, Cereal Prawn, Sambal Stingray, Satay",1,0,0,0,0,0,0,1,0,0,0,0,0,1,0,0,0,0,1,0,0,1,0,1,6
154,Female,25 - 54,"Laksa , Chili Crab, Char Kway Teow, Sliced Fish Soup,Curry laksa, Fish Head Curry",1,1,1,0,1,0,0,0,1,0,0,1,0,0,0,0,0,0,0,0,0,0,0,0,6
155,Female,25 - 54,"Sliced Fish Soup,Curry laksa, Duck Rice, Bak Kut Teh, Cereal Prawn, Crab Bee Hoon Soup",0,0,0,0,1,0,0,0,1,0,1,0,1,0,0,0,0,0,1,0,0,0,1,0,6
156,Female,14 and below,"Hainanese Chicken Rice, Sliced Fish Soup, Fish and Chips, Chinese Economy Rice, Duck Rice, Kway Chap",0,0,0,1,1,1,1,0,0,0,1,0,0,0,1,0,0,0,0,0,0,0,0,0,6
157,Female,14 and below,"Roti John, Cereal Prawn, katong laksa, Sambal Stingray, Crab Bee Hoon Soup, Satay",0,0,0,0,0,0,0,0,0,0,0,0,0,0,0,0,0,1,1,0,1,1,1,1,6
158,Male,25 - 54,"Laksa , Chili Crab, Char Kway Teow,Curry laksa, Fish Head Curry, Katong laksa ",1,1,1,0,0,0,0,0,1,0,0,1,0,0,0,0,0,0,0,0,1,0,0,0,6
159,Male,55 - 64,"Hainanese Chicken Rice, Sliced Fish Soup, Chinese Economy Rice, Japanese Bento, Bak Kut Teh, Hokkien Mee",0,0,0,1,1,0,1,1,0,0,0,0,1,1,0,0,0,0,0,0,0,0,0,0,6
160,Male,65 and above,"Char Kway Teow, Hainanese Chicken Rice, Sliced Fish Soup, Chinese Economy Rice, Kway Chap, Beef Kway Teow",0,0,1,1,1,0,1,0,0,0,0,0,0,0,1,0,0,0,0,1,0,0,0,0,6
161,Male,25 - 54,"Laksa , Char Kway Teow, Bak Kut Teh, Hokkien Mee, Black Pepper Crab, Cereal Prawn",1,0,1,0,0,0,0,0,0,0,0,0,1,1,0,0,1,0,1,0,0,0,0,0,6
162,Male,14 and below,"Laksa , Chili Crab, Fish and Chips, Duck Rice, Hokkien Mee, Kway Chap",1,1,0,0,0,1,0,0,0,0,1,0,0,1,1,0,0,0,0,0,0,0,0,0,6
163,Female,25 - 54,"Chili Crab, Fish Head Curry, Cereal Prawn, Beef Kway Teow, Crab Bee Hoon Soup, Satay",0,1,0,0,0,0,0,0,0,0,0,1,0,0,0,0,0,0,1,1,0,0,1,1,6
164,Female,25 - 54,"Chili Crab, Char Kway Teow, Chinese Economy Rice, Japanese Bento, Duck Rice, Hokkien Mee",0,1,1,0,0,0,1,1,0,0,1,0,0,1,0,0,0,0,0,0,0,0,0,0,6
165,Female,25 - 54,"Fish and Chips, Roti Prata, Roti John, Beef Kway Teow, Sambal Stingray, Satay",0,0,0,0,0,1,0,0,0,0,0,0,0,0,0,1,0,1,0,1,0,1,0,1,6
166,Female,15 - 24,"Sliced Fish Soup, Fish and Chips, Roti Prata, Roti John, katong laksa, Crab Bee Hoon Soup",0,0,0,0,1,1,0,0,0,0,0,0,0,0,0,1,0,1,0,0,1,0,1,0,6
167,Female,15 - 24,"Char Kway Teow, Hainanese Chicken Rice, Sliced Fish Soup, Chinese Economy Rice, Hokkien Mee, Katong laksa ",0,0,1,1,1,0,1,0,0,0,0,0,0,1,0,0,0,0,0,0,1,0,0,0,6
168,Male,15 - 24,"Hainanese Chicken Rice, Chinese Economy Rice, Japanese Bento,Curry laksa, Bak Kut Teh, Hokkien Mee",0,0,0,1,0,0,1,1,1,0,0,0,1,1,0,0,0,0,0,0,0,0,0,0,6
169,Male,25 - 54,"Hainanese Chicken Rice, Fish and Chips, Roti Prata, Roti John, Sambal Stingray, Satay",0,0,0,1,0,1,0,0,0,0,0,0,0,0,0,1,0,1,0,0,0,1,0,1,6
170,Female,15 - 24,"Hainanese Chicken Rice, Fish and Chips,Curry laksa, Bak Kut Teh, Hokkien Mee, Sambal Stingray",0,0,0,1,0,1,0,0,1,0,0,0,1,1,0,0,0,0,0,0,0,1,0,0,6
171,Female,14 and below,"Hainanese Chicken Rice, Fish and Chips, Japanese Bento, Duck Rice, Roti Prata, Satay",0,0,0,1,0,1,0,1,0,0,1,0,0,0,0,1,0,0,0,0,0,0,0,1,6
172,Female,14 and below,"Laksa , Hainanese Chicken Rice, Fish and Chips, Japanese Bento, Kway Chap, Roti Prata",1,0,0,1,0,1,0,1,0,0,0,0,0,0,1,1,0,0,0,0,0,0,0,0,6
173,Male,14 and below,"Laksa , Char Kway Teow, Fish and Chips, Roti Prata, Cereal Prawn, Satay",1,0,1,0,0,1,0,0,0,0,0,0,0,0,0,1,0,0,1,0,0,0,0,1,6
174,Female,14 and below,"Laksa , Hainanese Chicken Rice, Fish Head Curry, Hokkien Mee, Roti Prata, Satay",1,0,0,1,0,0,0,0,0,0,0,1,0,1,0,1,0,0,0,0,0,0,0,1,6
175,Male,14 and below,"Laksa , Hainanese Chicken Rice, Fish and Chips, Fish Head Curry, Beef Kway Teow, Sambal Stingray",1,0,0,1,0,1,0,0,0,0,0,1,0,0,0,0,0,0,0,1,0,1,0,0,6
176,Female,14 and below,"Hainanese Chicken Rice, Fish and Chips, Chinese Economy Rice, Japanese Bento, Hokkien Mee, Satay",0,0,0,1,0,1,1,1,0,0,0,0,0,1,0,0,0,0,0,0,0,0,0,1,6
177,Male,14 and below,"Laksa , Chili Crab, Hainanese Chicken Rice, Fish and Chips, Roti John, Katong laksa ",1,1,0,1,0,1,0,0,0,0,0,0,0,0,0,0,0,1,0,0,1,0,0,0,6
178,Female,14 and below,"Char Kway Teow, Hainanese Chicken Rice, Sliced Fish Soup, Fish Head Curry, Kway Chap, Roti Prata",0,0,1,1,1,0,0,0,0,0,0,1,0,0,1,1,0,0,0,0,0,0,0,0,6
179,Male,14 and below,"Laksa , Chili Crab, Char Kway Teow, Hainanese Chicken Rice, Fish and Chips, Japanese Bento",1,1,1,1,0,1,0,1,0,0,0,0,0,0,0,0,0,0,0,0,0,0,0,0,6
180,Female,25 - 54,"Yu Sheng, Duck Rice, Bak Kut Teh, Kway Chap, Roti Prata, Sambal Stingray",0,0,0,0,0,0,0,0,0,1,1,0,1,0,1,1,0,0,0,0,0,1,0,0,6
181,Male,55 - 64,"Laksa , Char Kway Teow, Duck Rice, Fish Head Curry, Sambal Stingray, Satay",1,0,1,0,0,0,0,0,0,0,1,1,0,0,0,0,0,0,0,0,0,1,0,1,6
182,Female,65 and above,"Sliced Fish Soup, Chinese Economy Rice, Yu Sheng, Bak Kut Teh, Hokkien Mee, Crab Bee Hoon Soup",0,0,0,0,1,0,1,0,0,1,0,0,1,1,0,0,0,0,0,0,0,0,1,0,6
183,Female,65 and above,"Char Kway Teow, Hainanese Chicken Rice, Sliced Fish Soup, Chinese Economy Rice, Bak Kut Teh, Crab Bee Hoon Soup",0,0,1,1,1,0,1,0,0,0,0,0,1,0,0,0,0,0,0,0,0,0,1,0,6
184,Female,65 and above,"Laksa , Sliced Fish Soup, Chinese Economy Rice, Yu Sheng, Bak Kut Teh, Crab Bee Hoon Soup",1,0,0,0,1,0,1,0,0,1,0,0,1,0,0,0,0,0,0,0,0,0,1,0,6
185,Female,65 and above,"Sliced Fish Soup, Chinese Economy Rice, Japanese Bento, Yu Sheng, Bak Kut Teh, Crab Bee Hoon Soup",0,0,0,0,1,0,1,1,0,1,0,0,1,0,0,0,0,0,0,0,0,0,1,0,6
186,Female,65 and above,"Chili Crab, Sliced Fish Soup, Chinese Economy Rice, Bak Kut Teh, Kway Chap, Crab Bee Hoon Soup",0,1,0,0,1,0,1,0,0,0,0,0,1,0,1,0,0,0,0,0,0,0,1,0,6
187,Female,65 and above,"Laksa , Hainanese Chicken Rice, Sliced Fish Soup, Chinese Economy Rice, Bak Kut Teh, Crab Bee Hoon Soup",1,0,0,1,1,0,1,0,0,0,0,0,1,0,0,0,0,0,0,0,0,0,1,0,6
188,Female,65 and above,"Char Kway Teow, Hainanese Chicken Rice, Sliced Fish Soup, Chinese Economy Rice, Japanese Bento, Crab Bee Hoon Soup",0,0,1,1,1,0,1,1,0,0,0,0,0,0,0,0,0,0,0,0,0,0,1,0,6
189,Female,65 and above,"Laksa , Char Kway Teow, Sliced Fish Soup, Chinese Economy Rice, Cereal Prawn, Crab Bee Hoon Soup",1,0,1,0,1,0,1,0,0,0,0,0,0,0,0,0,0,0,1,0,0,0,1,0,6
190,Female,65 and above,"Sliced Fish Soup, Chinese Economy Rice, Hokkien Mee, Sambal Stingray, Crab Bee Hoon Soup, Satay",0,0,0,0,1,0,1,0,0,0,0,0,0,1,0,0,0,0,0,0,0,1,1,1,6
191,Female,65 and above,"Sliced Fish Soup, Chinese Economy Rice, Yu Sheng, Duck Rice, Bak Kut Teh, Crab Bee Hoon Soup",0,0,0,0,1,0,1,0,0,1,1,0,1,0,0,0,0,0,0,0,0,0,1,0,6
192,Female,25 - 54,"Sliced Fish Soup,Curry laksa, Yu Sheng, Hokkien Mee, Kway Chap, Cereal Prawn",0,0,0,0,1,0,0,0,1,1,0,0,0,1,1,0,0,0,1,0,0,0,0,0,6
193,Male,14 and below,"Fish and Chips, Duck Rice, Bak Kut Teh, Kway Chap, Roti Prata, Cereal Prawn",0,0,0,0,0,1,0,0,0,0,1,0,1,0,1,1,0,0,1,0,0,0,0,0,6
194,Female,25 - 54,"Chili Crab, Duck Rice, Kway Chap, Black Pepper Crab, katong laksa, Sambal Stingray",0,1,0,0,0,0,0,0,0,0,1,0,0,0,1,0,1,0,0,0,1,1,0,0,6
195,Male,25 - 54,"Laksa ,Curry laksa, Fish Head Curry, Hokkien Mee, Kway Chap, Sambal Stingray",1,0,0,0,0,0,0,0,1,0,0,1,0,1,1,0,0,0,0,0,0,1,0,0,6
196,Female,25 - 54,"Laksa , Hainanese Chicken Rice, Fish and Chips, Japanese Bento, Yu Sheng, Fish Head Curry",1,0,0,1,0,1,0,1,0,1,0,1,0,0,0,0,0,0,0,0,0,0,0,0,6
197,Male,25 - 54,"Char Kway Teow, Hainanese Chicken Rice, Chinese Economy Rice, Hokkien Mee, Kway Chap, Roti Prata",0,0,1,1,0,0,1,0,0,0,0,0,0,1,1,1,0,0,0,0,0,0,0,0,6
198,Female,25 - 54,"Laksa , Char Kway Teow, Sliced Fish Soup, Japanese Bento, Bak Kut Teh, Beef Kway Teow",1,0,1,0,1,0,0,1,0,0,0,0,1,0,0,0,0,0,0,1,0,0,0,0,6
199,Female,65 and above,"Sliced Fish Soup, Chinese Economy Rice, Japanese Bento, Yu Sheng, Bak Kut Teh, Crab Bee Hoon Soup",0,0,0,0,1,0,1,1,0,1,0,0,1,0,0,0,0,0,0,0,0,0,1,0,6
200,Female,65 and above,"Laksa , Sliced Fish Soup, Chinese Economy Rice, Hokkien Mee, Crab Bee Hoon Soup, Satay",1,0,0,0,1,0,1,0,0,0,0,0,0,1,0,0,0,0,0,0,0,0,1,1,6
201,Female,65 and above,"Sliced Fish Soup, Chinese Economy Rice, Bak Kut Teh, Hokkien Mee, Kway Chap, Crab Bee Hoon Soup",0,0,0,0,1,0,1,0,0,0,0,0,1,1,1,0,0,0,0,0,0,0,1,0,6
202,Female,65 and above,"Chili Crab, Hainanese Chicken Rice, Sliced Fish Soup, Chinese Economy Rice, katong laksa, Sambal Stingray",0,1,0,1,1,0,1,0,0,0,0,0,0,0,0,0,0,0,0,0,1,1,0,0,6
203,Female,65 and above,"Char Kway Teow, Sliced Fish Soup, Chinese Economy Rice, Bak Kut Teh, Kway Chap, Roti Prata",0,0,1,0,1,0,1,0,0,0,0,0,1,0,1,1,0,0,0,0,0,0,0,0,6
204,Female,65 and above,"Char Kway Teow, Fish Head Curry, Black Pepper Crab, Roti John, Beef Kway Teow, Satay",0,0,1,0,0,0,0,0,0,0,0,1,0,0,0,0,1,1,0,1,0,0,0,1,6
205,Female,65 and above,"Laksa , Hainanese Chicken Rice, Sliced Fish Soup, Chinese Economy Rice, Bak Kut Teh, Crab Bee Hoon Soup",1,0,0,1,1,0,1,0,0,0,0,0,1,0,0,0,0,0,0,0,0,0,1,0,6
206,Female,65 and above,"Laksa , Hainanese Chicken Rice, Sliced Fish Soup, Japanese Bento,Curry laksa, Satay",1,0,0,1,1,0,0,1,1,0,0,0,0,0,0,0,0,0,0,0,0,0,0,1,6
207,Female,65 and above,"Char Kway Teow, Sliced Fish Soup, Chinese Economy Rice, Japanese Bento, Yu Sheng, Crab Bee Hoon Soup",0,0,1,0,1,0,1,1,0,1,0,0,0,0,0,0,0,0,0,0,0,0,1,0,6
208,Female,65 and above,"Sliced Fish Soup, Yu Sheng, Duck Rice, Bak Kut Teh, Hokkien Mee, Crab Bee Hoon Soup",0,0,0,0,1,0,0,0,0,1,1,0,1,1,0,0,0,0,0,0,0,0,1,0,6
209,Male,55 - 64,"Laksa , Chili Crab, Char Kway Teow, Chinese Economy Rice, Bak Kut Teh, Kway Chap",1,1,1,0,0,0,1,0,0,0,0,0,1,0,1,0,0,0,0,0,0,0,0,0,6
210,Male,55 - 64,"Chili Crab, Hainanese Chicken Rice, Sliced Fish Soup, Fish Head Curry, Hokkien Mee, Roti Prata",0,1,0,1,1,0,0,0,0,0,0,1,0,1,0,1,0,0,0,0,0,0,0,0,6
211,Male,14 and below,"Hainanese Chicken Rice, Fish and Chips, Japanese Bento, Roti Prata, Cereal Prawn, Satay",0,0,0,1,0,1,0,1,0,0,0,0,0,0,0,1,0,0,1,0,0,0,0,1,6
212,Male,14 and below,"Chili Crab, Sliced Fish Soup, Fish and Chips, Japanese Bento, Roti Prata, Satay",0,1,0,0,1,1,0,1,0,0,0,0,0,0,0,1,0,0,0,0,0,0,0,1,6
213,Male,14 and below,"Sliced Fish Soup, Fish and Chips, Japanese Bento,Curry laksa, Hokkien Mee, Roti Prata",0,0,0,0,1,1,0,1,1,0,0,0,0,1,0,1,0,0,0,0,0,0,0,0,6
214,Male,55 - 64,"Laksa , Hainanese Chicken Rice, Hokkien Mee, Kway Chap, katong laksa, Sambal Stingray",1,0,0,1,0,0,0,0,0,0,0,0,0,1,1,0,0,0,0,0,1,1,0,0,6
215,Male,55 - 64,"Laksa , Chili Crab, Japanese Bento, katong laksa, Sambal Stingray, Crab Bee Hoon Soup",1,1,0,0,0,0,0,1,0,0,0,0,0,0,0,0,0,0,0,0,1,1,1,0,6
216,Male,14 and below,"Laksa , Sliced Fish Soup, Fish and Chips, Japanese Bento, Hokkien Mee, Cereal Prawn",1,0,0,0,1,1,0,1,0,0,0,0,0,1,0,0,0,0,1,0,0,0,0,0,6
217,Male,14 and below,"Chili Crab, Fish and Chips, Japanese Bento,Curry laksa, Fish Head Curry, Black Pepper Crab",0,1,0,0,0,1,0,1,1,0,0,1,0,0,0,0,1,0,0,0,0,0,0,0,6
218,Male,55 - 64,"Chili Crab, Char Kway Teow, Hainanese Chicken Rice, Black Pepper Crab, katong laksa, Sambal Stingray",0,1,1,1,0,0,0,0,0,0,0,0,0,0,0,0,1,0,0,0,1,1,0,0,6
219,Male,14 and below,"Hainanese Chicken Rice, Sliced Fish Soup, Chinese Economy Rice, Japanese Bento, Hokkien Mee, Satay",0,0,0,1,1,0,1,1,0,0,0,0,0,1,0,0,0,0,0,0,0,0,0,1,6
220,Male,14 and below,"Sliced Fish Soup, Fish and Chips, Japanese Bento,Curry laksa, Bak Kut Teh, Kway Chap",0,0,0,0,1,1,0,1,1,0,0,0,1,0,1,0,0,0,0,0,0,0,0,0,6
221,Male,55 - 64,"Chili Crab, Hainanese Chicken Rice, Fish and Chips, Black Pepper Crab, Cereal Prawn, Katong laksa ",0,1,0,1,0,1,0,0,0,0,0,0,0,0,0,0,1,0,1,0,1,0,0,0,6
222,Male,55 - 64,"Laksa , Chili Crab, Char Kway Teow, Hainanese Chicken Rice, Yu Sheng, Black Pepper Crab",1,1,1,1,0,0,0,0,0,1,0,0,0,0,0,0,1,0,0,0,0,0,0,0,6
223,Male,14 and below,"Laksa , Japanese Bento,Curry laksa, Fish Head Curry, Bak Kut Teh, Hokkien Mee",1,0,0,0,0,0,0,1,1,0,0,1,1,1,0,0,0,0,0,0,0,0,0,0,6
224,Male,14 and below,"Sliced Fish Soup, Fish and Chips, Chinese Economy Rice, Japanese Bento, Hokkien Mee, Roti Prata",0,0,0,0,1,1,1,1,0,0,0,0,0,1,0,1,0,0,0,0,0,0,0,0,6
225,Female,14 and below,"Hainanese Chicken Rice, Fish and Chips, Japanese Bento, Hokkien Mee, Kway Chap, Roti Prata",0,0,0,1,0,1,0,1,0,0,0,0,0,1,1,1,0,0,0,0,0,0,0,0,6
226,Male,14 and below,"Hainanese Chicken Rice, Sliced Fish Soup, Japanese Bento, Cereal Prawn, Beef Kway Teow, Katong laksa ",0,0,0,1,1,0,0,1,0,0,0,0,0,0,0,0,0,0,1,1,1,0,0,0,6
227,Male,55 - 64,"Hainanese Chicken Rice, Duck Rice, Black Pepper Crab, Cereal Prawn, Sambal Stingray, Satay",0,0,0,1,0,0,0,0,0,0,1,0,0,0,0,0,1,0,1,0,0,1,0,1,6
228,Male,55 - 64,"Char Kway Teow, Sliced Fish Soup, Fish and Chips, Hokkien Mee, katong laksa, Crab Bee Hoon Soup",0,0,1,0,1,1,0,0,0,0,0,0,0,1,0,0,0,0,0,0,1,0,1,0,6
229,Male,55 - 64,"Laksa , Chili Crab, Char Kway Teow, Hainanese Chicken Rice, Black Pepper Crab, Beef Kway Teow",1,1,1,1,0,0,0,0,0,0,0,0,0,0,0,0,1,0,0,1,0,0,0,0,6
230,Male,14 and below,"Char Kway Teow, Fish and Chips, Roti Prata, Roti John, Sambal Stingray, Satay",0,0,1,0,0,1,0,0,0,0,0,0,0,0,0,1,0,1,0,0,0,1,0,1,6
231,Male,14 and below,"Laksa , Char Kway Teow,Curry laksa, Fish Head Curry, Bak Kut Teh, Katong laksa ",1,0,1,0,0,0,0,0,1,0,0,1,1,0,0,0,0,0,0,0,1,0,0,0,6
232,Male,55 - 64,"Char Kway Teow, Hainanese Chicken Rice, Sliced Fish Soup, Bak Kut Teh, Hokkien Mee, Beef Kway Teow",0,0,1,1,1,0,0,0,0,0,0,0,1,1,0,0,0,0,0,1,0,0,0,0,6
233,Male,14 and below,"Hainanese Chicken Rice, Sliced Fish Soup, Fish and Chips, Japanese Bento, Hokkien Mee, Crab Bee Hoon Soup",0,0,0,1,1,1,0,1,0,0,0,0,0,1,0,0,0,0,0,0,0,0,1,0,6
234,Male,55 - 64,"Chili Crab, Hainanese Chicken Rice, Chinese Economy Rice, Duck Rice, Bak Kut Teh, Black Pepper Crab",0,1,0,1,0,0,1,0,0,0,1,0,1,0,0,0,1,0,0,0,0,0,0,0,6
235,Male,55 - 64,"Hainanese Chicken Rice, Sliced Fish Soup, Fish and Chips, Fish Head Curry, Hokkien Mee, Sambal Stingray",0,0,0,1,1,1,0,0,0,0,0,1,0,1,0,0,0,0,0,0,0,1,0,0,6
236,Male,14 and below,"Char Kway Teow, Sliced Fish Soup, Japanese Bento, Hokkien Mee, Beef Kway Teow, Sambal Stingray",0,0,1,0,1,0,0,1,0,0,0,0,0,1,0,0,0,0,0,1,0,1,0,0,6
237,Male,14 and below,"Laksa , Hainanese Chicken Rice, Fish and Chips, Japanese Bento, Roti Prata, Katong laksa ",1,0,0,1,0,1,0,1,0,0,0,0,0,0,0,1,0,0,0,0,1,0,0,0,6
238,Male,55 - 64,"Chili Crab, Char Kway Teow, Hainanese Chicken Rice, Sliced Fish Soup, Black Pepper Crab, Beef Kway Teow",0,1,1,1,1,0,0,0,0,0,0,0,0,0,0,0,1,0,0,1,0,0,0,0,6
239,Male,55 - 64,"Hainanese Chicken Rice, Sliced Fish Soup, Chinese Economy Rice, Fish Head Curry, Bak Kut Teh, Hokkien Mee",0,0,0,1,1,0,1,0,0,0,0,1,1,1,0,0,0,0,0,0,0,0,0,0,6
240,Male,55 - 64,"Laksa , Hainanese Chicken Rice, Sliced Fish Soup, Duck Rice, Bak Kut Teh, Kway Chap",1,0,0,1,1,0,0,0,0,0,1,0,1,0,1,0,0,0,0,0,0,0,0,0,6
241,Male,55 - 64,"Sliced Fish Soup, Japanese Bento, Kway Chap, Cereal Prawn, Sambal Stingray, Satay",0,0,0,0,1,0,0,1,0,0,0,0,0,0,1,0,0,0,1,0,0,1,0,1,6
242,Male,14 and below,"Fish and Chips, Japanese Bento, Fish Head Curry, Hokkien Mee, Cereal Prawn, Katong laksa ",0,0,0,0,0,1,0,1,0,0,0,1,0,1,0,0,0,0,1,0,1,0,0,0,6
243,Male,65 and above,"Char Kway Teow, Hainanese Chicken Rice, Sliced Fish Soup, Chinese Economy Rice, Kway Chap, Sambal Stingray",0,0,1,1,1,0,1,0,0,0,0,0,0,0,1,0,0,0,0,0,0,1,0,0,6
244,Male,14 and below,"Hainanese Chicken Rice, Fish and Chips, Chinese Economy Rice, Hokkien Mee, Roti Prata, Cereal Prawn",0,0,0,1,0,1,1,0,0,0,0,0,0,1,0,1,0,0,1,0,0,0,0,0,6
245,Male,65 and above,"Hainanese Chicken Rice, Sliced Fish Soup, Chinese Economy Rice, Duck Rice, Bak Kut Teh, Crab Bee Hoon Soup",0,0,0,1,1,0,1,0,0,0,1,0,1,0,0,0,0,0,0,0,0,0,1,0,6
246,Male,65 and above,"Chili Crab, Sliced Fish Soup, Chinese Economy Rice, Bak Kut Teh, Sambal Stingray, Crab Bee Hoon Soup",0,1,0,0,1,0,1,0,0,0,0,0,1,0,0,0,0,0,0,0,0,1,1,0,6
247,Male,65 and above,"Char Kway Teow, Hainanese Chicken Rice, Sliced Fish Soup, Bak Kut Teh, Sambal Stingray, Crab Bee Hoon Soup",0,0,1,1,1,0,0,0,0,0,0,0,1,0,0,0,0,0,0,0,0,1,1,0,6
248,Male,65 and above,"Hainanese Chicken Rice, Sliced Fish Soup, Chinese Economy Rice, Duck Rice, Bak Kut Teh, Crab Bee Hoon Soup",0,0,0,1,1,0,1,0,0,0,1,0,1,0,0,0,0,0,0,0,0,0,1,0,6
249,Male,14 and below,"Char Kway Teow, Fish and Chips, Hokkien Mee, Roti Prata, Roti John, Sambal Stingray",0,0,1,0,0,1,0,0,0,0,0,0,0,1,0,1,0,1,0,0,0,1,0,0,6
250,Male,65 and above,"Char Kway Teow, Hainanese Chicken Rice, Sliced Fish Soup, Chinese Economy Rice, Bak Kut Teh, Crab Bee Hoon Soup",0,0,1,1,1,0,1,0,0,0,0,0,1,0,0,0,0,0,0,0,0,0,1,0,6
251,Male,65 and above,"Hainanese Chicken Rice, Sliced Fish Soup, Chinese Economy Rice, Roti Prata, Roti John, Crab Bee Hoon Soup",0,0,0,1,1,0,1,0,0,0,0,0,0,0,0,1,0,1,0,0,0,0,1,0,6
252,Male,55 - 64,"Hainanese Chicken Rice, Sliced Fish Soup, Chinese Economy Rice, Yu Sheng, Black Pepper Crab, Sambal Stingray",0,0,0,1,1,0,1,0,0,1,0,0,0,0,0,0,1,0,0,0,0,1,0,0,6
253,Male,65 and above,"Char Kway Teow, Hainanese Chicken Rice, Sliced Fish Soup, Chinese Economy Rice, Bak Kut Teh, Crab Bee Hoon Soup",0,0,1,1,1,0,1,0,0,0,0,0,1,0,0,0,0,0,0,0,0,0,1,0,6
254,Male,65 and above,"Char Kway Teow, Hainanese Chicken Rice, Sliced Fish Soup, Chinese Economy Rice, Bak Kut Teh, Crab Bee Hoon Soup",0,0,1,1,1,0,1,0,0,0,0,0,1,0,0,0,0,0,0,0,0,0,1,0,6
255,Male,55 - 64,"Bak Kut Teh, Hokkien Mee, Kway Chap, Roti John, Cereal Prawn, Katong laksa ",0,0,0,0,0,0,0,0,0,0,0,0,1,1,1,0,0,1,1,0,1,0,0,0,6
256,Male,65 and above,"Char Kway Teow, Sliced Fish Soup, Chinese Economy Rice, Bak Kut Teh, Kway Chap, Crab Bee Hoon Soup",0,0,1,0,1,0,1,0,0,0,0,0,1,0,1,0,0,0,0,0,0,0,1,0,6
257,Male,55 - 64,"Laksa , Chili Crab, Hainanese Chicken Rice, Bak Kut Teh, Black Pepper Crab, Sambal Stingray",1,1,0,1,0,0,0,0,0,0,0,0,1,0,0,0,1,0,0,0,0,1,0,0,6
258,Male,14 and below,"Fish and Chips, Japanese Bento, Hokkien Mee, Roti Prata, Roti John, Satay",0,0,0,0,0,1,0,1,0,0,0,0,0,1,0,1,0,1,0,0,0,0,0,1,6
259,Male,55 - 64,"Laksa , Chili Crab, Duck Rice, Hokkien Mee, Black Pepper Crab, Beef Kway Teow",1,1,0,0,0,0,0,0,0,0,1,0,0,1,0,0,1,0,0,1,0,0,0,0,6
260,Male,65 and above,"Char Kway Teow, Hainanese Chicken Rice, Sliced Fish Soup, Chinese Economy Rice, Bak Kut Teh, Kway Chap",0,0,1,1,1,0,1,0,0,0,0,0,1,0,1,0,0,0,0,0,0,0,0,0,6
261,Male,65 and above,"Char Kway Teow, Hainanese Chicken Rice, Sliced Fish Soup, Chinese Economy Rice, Bak Kut Teh, Kway Chap",0,0,1,1,1,0,1,0,0,0,0,0,1,0,1,0,0,0,0,0,0,0,0,0,6
262,Male,65 and above,"Laksa , Char Kway Teow, Sliced Fish Soup,Curry laksa, Kway Chap, Crab Bee Hoon Soup",1,0,1,0,1,0,0,0,1,0,0,0,0,0,1,0,0,0,0,0,0,0,1,0,6
263,Male,65 and above,"Char Kway Teow, Sliced Fish Soup, Chinese Economy Rice, Bak Kut Teh, katong laksa, Crab Bee Hoon Soup",0,0,1,0,1,0,1,0,0,0,0,0,1,0,0,0,0,0,0,0,1,0,1,0,6
264,Male,55 - 64,"Laksa , Char Kway Teow, Chinese Economy Rice, Duck Rice, Hokkien Mee, Beef Kway Teow",1,0,1,0,0,0,1,0,0,0,1,0,0,1,0,0,0,0,0,1,0,0,0,0,6
265,Male,65 and above,"Laksa , Sliced Fish Soup, Chinese Economy Rice,Curry laksa, Bak Kut Teh, Crab Bee Hoon Soup",1,0,0,0,1,0,1,0,1,0,0,0,1,0,0,0,0,0,0,0,0,0,1,0,6
266,Male,65 and above,"Char Kway Teow, Hainanese Chicken Rice, Sliced Fish Soup, Chinese Economy Rice, Bak Kut Teh, Katong laksa ",0,0,1,1,1,0,1,0,0,0,0,0,1,0,0,0,0,0,0,0,1,0,0,0,6
267,Male,14 and below,"Laksa ,Curry laksa, Roti Prata, Roti John, Cereal Prawn, Katong laksa ",1,0,0,0,0,0,0,0,1,0,0,0,0,0,0,1,0,1,1,0,1,0,0,0,6
268,Male,65 and above,"Sliced Fish Soup, Bak Kut Teh, Kway Chap, Black Pepper Crab, katong laksa, Crab Bee Hoon Soup",0,0,0,0,1,0,0,0,0,0,0,0,1,0,1,0,1,0,0,0,1,0,1,0,6
269,Male,55 - 64,"Chili Crab, Hainanese Chicken Rice, Sliced Fish Soup, Chinese Economy Rice,Curry laksa, Fish Head Curry",0,1,0,1,1,0,1,0,1,0,0,1,0,0,0,0,0,0,0,0,0,0,0,0,6
270,Male,65 and above,"Sliced Fish Soup, Chinese Economy Rice, Bak Kut Teh, Black Pepper Crab, Cereal Prawn, Crab Bee Hoon Soup",0,0,0,0,1,0,1,0,0,0,0,0,1,0,0,0,1,0,1,0,0,0,1,0,6
271,Male,55 - 64,"Hainanese Chicken Rice, Sliced Fish Soup, Fish and Chips, Hokkien Mee, Black Pepper Crab, Cereal Prawn",0,0,0,1,1,1,0,0,0,0,0,0,0,1,0,0,1,0,1,0,0,0,0,0,6
272,Male,55 - 64,"Char Kway Teow, Sliced Fish Soup, Duck Rice, Bak Kut Teh, Hokkien Mee, Kway Chap",0,0,1,0,1,0,0,0,0,0,1,0,1,1,1,0,0,0,0,0,0,0,0,0,6
273,Male,55 - 64,"Chili Crab, Hainanese Chicken Rice, Fish Head Curry, Hokkien Mee, Black Pepper Crab, Sambal Stingray",0,1,0,1,0,0,0,0,0,0,0,1,0,1,0,0,1,0,0,0,0,1,0,0,6
274,Male,55 - 64,"Hainanese Chicken Rice, Sliced Fish Soup, Fish Head Curry, Cereal Prawn, Sambal Stingray, Crab Bee Hoon Soup",0,0,0,1,1,0,0,0,0,0,0,1,0,0,0,0,0,0,1,0,0,1,1,0,6
275,Female,14 and below,"Sliced Fish Soup, Fish and Chips, Japanese Bento,Curry laksa, Hokkien Mee, Roti Prata",0,0,0,0,1,1,0,1,1,0,0,0,0,1,0,1,0,0,0,0,0,0,0,0,6
276,Male,14 and below,"Chili Crab, Japanese Bento, Roti John, katong laksa, Crab Bee Hoon Soup, Satay",0,1,0,0,0,0,0,1,0,0,0,0,0,0,0,0,0,1,0,0,1,0,1,1,6
277,Female,14 and below,"Hainanese Chicken Rice, Fish and Chips, Japanese Bento, Yu Sheng, Cereal Prawn, Satay",0,0,0,1,0,1,0,1,0,1,0,0,0,0,0,0,0,0,1,0,0,0,0,1,6
278,Male,55 - 64,"Hainanese Chicken Rice, Fish Head Curry, Roti Prata, Roti John, Sambal Stingray, Satay",0,0,0,1,0,0,0,0,0,0,0,1,0,0,0,1,0,1,0,0,0,1,0,1,6
279,Male,25 - 54,"Char Kway Teow, Hainanese Chicken Rice, Roti John, Cereal Prawn, Sambal Stingray, Satay",0,0,1,1,0,0,0,0,0,0,0,0,0,0,0,0,0,1,1,0,0,1,0,1,6
280,Female,55 - 64,"Laksa , Char Kway Teow, Sliced Fish Soup, Fish Head Curry, Hokkien Mee, Beef Kway Teow",1,0,1,0,1,0,0,0,0,0,0,1,0,1,0,0,0,0,0,1,0,0,0,0,6
281,Female,14 and below,"Hainanese Chicken Rice, Fish and Chips, Japanese Bento, Hokkien Mee, Cereal Prawn, Crab Bee Hoon Soup",0,0,0,1,0,1,0,1,0,0,0,0,0,1,0,0,0,0,1,0,0,0,1,0,6
282,Male,14 and below,"Laksa , Hainanese Chicken Rice, Fish and Chips, Japanese Bento, Bak Kut Teh, Roti Prata",1,0,0,1,0,1,0,1,0,0,0,0,1,0,0,1,0,0,0,0,0,0,0,0,6
283,Female,55 - 64,"Char Kway Teow, Hainanese Chicken Rice, Sliced Fish Soup, Beef Kway Teow, Sambal Stingray, Crab Bee Hoon Soup",0,0,1,1,1,0,0,0,0,0,0,0,0,0,0,0,0,0,0,1,0,1,1,0,6
284,Female,55 - 64,"Laksa , Char Kway Teow, Hainanese Chicken Rice, Bak Kut Teh, Kway Chap, Katong laksa ",1,0,1,1,0,0,0,0,0,0,0,0,1,0,1,0,0,0,0,0,1,0,0,0,6
285,Female,65 and above,"Sliced Fish Soup, Chinese Economy Rice, Japanese Bento, Bak Kut Teh, Kway Chap, Crab Bee Hoon Soup",0,0,0,0,1,0,1,1,0,0,0,0,1,0,1,0,0,0,0,0,0,0,1,0,6
286,Female,65 and above,"Char Kway Teow, Hainanese Chicken Rice, Sliced Fish Soup, Chinese Economy Rice, Bak Kut Teh, Crab Bee Hoon Soup",0,0,1,1,1,0,1,0,0,0,0,0,1,0,0,0,0,0,0,0,0,0,1,0,6
287,Female,55 - 64,"Fish and Chips, Japanese Bento,Curry laksa, Hokkien Mee, Beef Kway Teow, Crab Bee Hoon Soup",0,0,0,0,0,1,0,1,1,0,0,0,0,1,0,0,0,0,0,1,0,0,1,0,6
288,Female,65 and above,"Laksa , Sliced Fish Soup, Chinese Economy Rice, Bak Kut Teh, katong laksa, Crab Bee Hoon Soup",1,0,0,0,1,0,1,0,0,0,0,0,1,0,0,0,0,0,0,0,1,0,1,0,6
289,Female,65 and above,"Sliced Fish Soup, Chinese Economy Rice, Bak Kut Teh, Hokkien Mee, katong laksa, Crab Bee Hoon Soup",0,0,0,0,1,0,1,0,0,0,0,0,1,1,0,0,0,0,0,0,1,0,1,0,6
290,Female,55 - 64,"Hainanese Chicken Rice, Fish and Chips, Japanese Bento,Curry laksa, Fish Head Curry, Sambal Stingray",0,0,0,1,0,1,0,1,1,0,0,1,0,0,0,0,0,0,0,0,0,1,0,0,6
291,Male,14 and below,"Hainanese Chicken Rice, Japanese Bento, Fish Head Curry, Cereal Prawn, Sambal Stingray, Satay",0,0,0,1,0,0,0,1,0,0,0,1,0,0,0,0,0,0,1,0,0,1,0,1,6
292,Female,25 - 54,"Chili Crab, Char Kway Teow, Fish and Chips, Japanese Bento, Black Pepper Crab, Crab Bee Hoon Soup",0,1,1,0,0,1,0,1,0,0,0,0,0,0,0,0,1,0,0,0,0,0,1,0,6
293,Male,14 and below,"Laksa , Hainanese Chicken Rice, Sliced Fish Soup, Fish Head Curry, Roti Prata, Beef Kway Teow",1,0,0,1,1,0,0,0,0,0,0,1,0,0,0,1,0,0,0,1,0,0,0,0,6
294,Female,65 and above,"Hainanese Chicken Rice, Sliced Fish Soup, Chinese Economy Rice, Bak Kut Teh, katong laksa, Crab Bee Hoon Soup",0,0,0,1,1,0,1,0,0,0,0,0,1,0,0,0,0,0,0,0,1,0,1,0,6
295,Female,55 - 64,"Laksa , Chili Crab, Duck Rice, Fish Head Curry, Bak Kut Teh, Kway Chap",1,1,0,0,0,0,0,0,0,0,1,1,1,0,1,0,0,0,0,0,0,0,0,0,6
296,Male,25 - 54,"Laksa , Sliced Fish Soup, Chinese Economy Rice,Curry laksa, Duck Rice, Crab Bee Hoon Soup",1,0,0,0,1,0,1,0,1,0,1,0,0,0,0,0,0,0,0,0,0,0,1,0,6
297,Male,65 and above,"Hainanese Chicken Rice, Sliced Fish Soup, Chinese Economy Rice, Bak Kut Teh, Kway Chap, Crab Bee Hoon Soup",0,0,0,1,1,0,1,0,0,0,0,0,1,0,1,0,0,0,0,0,0,0,1,0,6
298,Female,55 - 64,"Laksa , Fish and Chips, Japanese Bento, Cereal Prawn, katong laksa, Crab Bee Hoon Soup",1,0,0,0,0,1,0,1,0,0,0,0,0,0,0,0,0,0,1,0,1,0,1,0,6
299,Male,14 and below,"Laksa , Hainanese Chicken Rice, Japanese Bento, Fish Head Curry, Hokkien Mee, Cereal Prawn",1,0,0,1,0,0,0,1,0,0,0,1,0,1,0,0,0,0,1,0,0,0,0,0,6
300,Female,14 and below,"Sliced Fish Soup, Fish and Chips,Curry laksa, Cereal Prawn, Sambal Stingray, Crab Bee Hoon Soup",0,0,0,0,1,1,0,0,1,0,0,0,0,0,0,0,0,0,1,0,0,1,1,0,6
301,Female,25 - 54,"Chili Crab, Char Kway Teow, Hainanese Chicken Rice, Kway Chap, Cereal Prawn, Katong laksa ",0,1,1,1,0,0,0,0,0,0,0,0,0,0,1,0,0,0,1,0,1,0,0,0,6
302,Male,25 - 54,"Chili Crab, Char Kway Teow, Hainanese Chicken Rice, Fish and Chips, Japanese Bento, Hokkien Mee",0,1,1,1,0,1,0,1,0,0,0,0,0,1,0,0,0,0,0,0,0,0,0,0,6
303,Female,25 - 54,"Chili Crab, Char Kway Teow, Japanese Bento, Hokkien Mee, Roti Prata, Cereal Prawn",0,1,1,0,0,0,0,1,0,0,0,0,0,1,0,1,0,0,1,0,0,0,0,0,6
304,Male,25 - 54,"Hainanese Chicken Rice, Fish and Chips, Hokkien Mee, Kway Chap, Black Pepper Crab, Cereal Prawn",0,0,0,1,0,1,0,0,0,0,0,0,0,1,1,0,1,0,1,0,0,0,0,0,6
305,Male,25 - 54,"Laksa , Chili Crab, Char Kway Teow, Hainanese Chicken Rice, Fish and Chips, Japanese Bento",1,1,1,1,0,1,0,1,0,0,0,0,0,0,0,0,0,0,0,0,0,0,0,0,6
306,Male,25 - 54,"Laksa , Chili Crab, Char Kway Teow, Hainanese Chicken Rice, Roti Prata, Black Pepper Crab",1,1,1,1,0,0,0,0,0,0,0,0,0,0,0,1,1,0,0,0,0,0,0,0,6
307,Male,25 - 54,"Laksa , Chili Crab, Char Kway Teow, Kway Chap, Roti Prata, Black Pepper Crab",1,1,1,0,0,0,0,0,0,0,0,0,0,0,1,1,1,0,0,0,0,0,0,0,6
308,Male,25 - 54,"Laksa , Char Kway Teow, Japanese Bento, Bak Kut Teh, Cereal Prawn, Satay",1,0,1,0,0,0,0,1,0,0,0,0,1,0,0,0,0,0,1,0,0,0,0,1,6
309,Female,25 - 54,"Laksa , Sliced Fish Soup, Japanese Bento, Hokkien Mee, Cereal Prawn, Crab Bee Hoon Soup",1,0,0,0,1,0,0,1,0,0,0,0,0,1,0,0,0,0,1,0,0,0,1,0,6
310,Female,14 and below,"Hainanese Chicken Rice, Fish and Chips, Japanese Bento, Bak Kut Teh, Kway Chap, Cereal Prawn",0,0,0,1,0,1,0,1,0,0,0,0,1,0,1,0,0,0,1,0,0,0,0,0,6
311,Female,25 - 54,"Laksa , Char Kway Teow, Hainanese Chicken Rice, Fish and Chips, Japanese Bento, Bak Kut Teh",1,0,1,1,0,1,0,1,0,0,0,0,1,0,0,0,0,0,0,0,0,0,0,0,6
312,Female,14 and below,"Hainanese Chicken Rice, Fish and Chips, Japanese Bento, Bak Kut Teh, Cereal Prawn, Crab Bee Hoon Soup",0,0,0,1,0,1,0,1,0,0,0,0,1,0,0,0,0,0,1,0,0,0,1,0,6
313,Female,25 - 54,"Laksa , Chili Crab, Char Kway Teow, Fish and Chips, Japanese Bento, Cereal Prawn",1,1,1,0,0,1,0,1,0,0,0,0,0,0,0,0,0,0,1,0,0,0,0,0,6
314,Female,25 - 54,"Chili Crab, Hainanese Chicken Rice, Fish and Chips, Japanese Bento, katong laksa, Crab Bee Hoon Soup",0,1,0,1,0,1,0,1,0,0,0,0,0,0,0,0,0,0,0,0,1,0,1,0,6
315,Female,25 - 54,"Laksa , Char Kway Teow, Fish and Chips, Japanese Bento, Hokkien Mee, Cereal Prawn",1,0,1,0,0,1,0,1,0,0,0,0,0,1,0,0,0,0,1,0,0,0,0,0,6
316,Female,14 and below,"Hainanese Chicken Rice, Sliced Fish Soup, Fish and Chips, Japanese Bento, Hokkien Mee, Cereal Prawn",0,0,0,1,1,1,0,1,0,0,0,0,0,1,0,0,0,0,1,0,0,0,0,0,6
317,Male,25 - 54,"Chili Crab, Char Kway Teow, Fish and Chips, Duck Rice, Roti John, Sambal Stingray",0,1,1,0,0,1,0,0,0,0,1,0,0,0,0,0,0,1,0,0,0,1,0,0,6
318,Male,25 - 54,"Laksa , Chili Crab, Char Kway Teow, Hainanese Chicken Rice, Japanese Bento, Fish Head Curry",1,1,1,1,0,0,0,1,0,0,0,1,0,0,0,0,0,0,0,0,0,0,0,0,6
319,Female,55 - 64,"Hainanese Chicken Rice, Japanese Bento, Fish Head Curry, Bak Kut Teh, Sambal Stingray, Crab Bee Hoon Soup",0,0,0,1,0,0,0,1,0,0,0,1,1,0,0,0,0,0,0,0,0,1,1,0,6
320,Female,14 and below,"Hainanese Chicken Rice, Japanese Bento,Curry laksa, Duck Rice, Roti Prata, Cereal Prawn",0,0,0,1,0,0,0,1,1,0,1,0,0,0,0,1,0,0,1,0,0,0,0,0,6
321,Female,14 and below,"Sliced Fish Soup, Fish and Chips, Japanese Bento, Roti Prata, Cereal Prawn, Satay",0,0,0,0,1,1,0,1,0,0,0,0,0,0,0,1,0,0,1,0,0,0,0,1,6
322,Female,65 and above,"Laksa , Hainanese Chicken Rice, Sliced Fish Soup, Chinese Economy Rice, Bak Kut Teh, Kway Chap",1,0,0,1,1,0,1,0,0,0,0,0,1,0,1,0,0,0,0,0,0,0,0,0,6
323,Female,65 and above,"Hainanese Chicken Rice, Sliced Fish Soup, Chinese Economy Rice, Yu Sheng, Bak Kut Teh, Hokkien Mee",0,0,0,1,1,0,1,0,0,1,0,0,1,1,0,0,0,0,0,0,0,0,0,0,6
324,Female,14 and below,"Char Kway Teow, Sliced Fish Soup, Fish and Chips, Cereal Prawn, Beef Kway Teow, Sambal Stingray",0,0,1,0,1,1,0,0,0,0,0,0,0,0,0,0,0,0,1,1,0,1,0,0,6
325,Female,65 and above,"Chili Crab, Hainanese Chicken Rice, Sliced Fish Soup, Chinese Economy Rice, Kway Chap, Katong laksa ",0,1,0,1,1,0,1,0,0,0,0,0,0,0,1,0,0,0,0,0,1,0,0,0,6
326,Female,14 and below,"Laksa , Sliced Fish Soup, Japanese Bento,Curry laksa, Fish Head Curry, Roti Prata",1,0,0,0,1,0,0,1,1,0,0,1,0,0,0,1,0,0,0,0,0,0,0,0,6
327,Female,65 and above,"Sliced Fish Soup, Chinese Economy Rice, Japanese Bento, Hokkien Mee, Beef Kway Teow, Crab Bee Hoon Soup",0,0,0,0,1,0,1,1,0,0,0,0,0,1,0,0,0,0,0,1,0,0,1,0,6
328,Female,65 and above,"Laksa , Chili Crab, Sliced Fish Soup, Fish Head Curry, Roti Prata, Roti John",1,1,0,0,1,0,0,0,0,0,0,1,0,0,0,1,0,1,0,0,0,0,0,0,6
329,Female,65 and above,"Laksa , Sliced Fish Soup, Chinese Economy Rice, Bak Kut Teh, katong laksa, Crab Bee Hoon Soup",1,0,0,0,1,0,1,0,0,0,0,0,1,0,0,0,0,0,0,0,1,0,1,0,6
330,Male,55 - 64,"Chili Crab, Char Kway Teow, Chinese Economy Rice, Duck Rice, Bak Kut Teh, Black Pepper Crab",0,1,1,0,0,0,1,0,0,0,1,0,1,0,0,0,1,0,0,0,0,0,0,0,6
331,Female,65 and above,"Char Kway Teow, Sliced Fish Soup, Bak Kut Teh, Hokkien Mee, katong laksa, Crab Bee Hoon Soup",0,0,1,0,1,0,0,0,0,0,0,0,1,1,0,0,0,0,0,0,1,0,1,0,6
332,Male,55 - 64,"Laksa , Char Kway Teow, Hainanese Chicken Rice, Sliced Fish Soup, Fish Head Curry, Sambal Stingray",1,0,1,1,1,0,0,0,0,0,0,1,0,0,0,0,0,0,0,0,0,1,0,0,6
333,Female,65 and above,"Laksa , Sliced Fish Soup, Chinese Economy Rice, Bak Kut Teh, katong laksa, Crab Bee Hoon Soup",1,0,0,0,1,0,1,0,0,0,0,0,1,0,0,0,0,0,0,0,1,0,1,0,6
334,Female,55 - 64,"Sliced Fish Soup, Chinese Economy Rice, Yu Sheng, Duck Rice, Bak Kut Teh, Kway Chap",0,0,0,0,1,0,1,0,0,1,1,0,1,0,1,0,0,0,0,0,0,0,0,0,6
335,Female,65 and above,"Sliced Fish Soup, Chinese Economy Rice, Bak Kut Teh, Sambal Stingray, Crab Bee Hoon Soup, Satay",0,0,0,0,1,0,1,0,0,0,0,0,1,0,0,0,0,0,0,0,0,1,1,1,6
336,Male,65 and above,"Chili Crab, Char Kway Teow, Sliced Fish Soup, Chinese Economy Rice, Duck Rice, Fish Head Curry",0,1,1,0,1,0,1,0,0,0,1,1,0,0,0,0,0,0,0,0,0,0,0,0,6
337,Female,55 - 64,"Char Kway Teow, Hainanese Chicken Rice, Bak Kut Teh, Kway Chap, Beef Kway Teow, Katong laksa ",0,0,1,1,0,0,0,0,0,0,0,0,1,0,1,0,0,0,0,1,1,0,0,0,6
338,Male,65 and above,"Chili Crab, Char Kway Teow, Sliced Fish Soup, Chinese Economy Rice, Black Pepper Crab, Beef Kway Teow",0,1,1,0,1,0,1,0,0,0,0,0,0,0,0,0,1,0,0,1,0,0,0,0,6
339,Male,65 and above,"Hainanese Chicken Rice, Sliced Fish Soup,Curry laksa, Duck Rice, Bak Kut Teh, Kway Chap",0,0,0,1,1,0,0,0,1,0,1,0,1,0,1,0,0,0,0,0,0,0,0,0,6
340,Female,55 - 64,"Char Kway Teow, Hainanese Chicken Rice, Sliced Fish Soup,Curry laksa, Duck Rice, Roti John",0,0,1,1,1,0,0,0,1,0,1,0,0,0,0,0,0,1,0,0,0,0,0,0,6
341,Male,65 and above,"Chili Crab, Char Kway Teow, Sliced Fish Soup, Chinese Economy Rice, Bak Kut Teh, Crab Bee Hoon Soup",0,1,1,0,1,0,1,0,0,0,0,0,1,0,0,0,0,0,0,0,0,0,1,0,6
342,Female,55 - 64,"Chili Crab, Hainanese Chicken Rice, Fish and Chips, Fish Head Curry, Black Pepper Crab, Sambal Stingray",0,1,0,1,0,1,0,0,0,0,0,1,0,0,0,0,1,0,0,0,0,1,0,0,6
343,Male,55 - 64,"Chili Crab, Char Kway Teow, Hainanese Chicken Rice, Japanese Bento, Duck Rice, Kway Chap",0,1,1,1,0,0,0,1,0,0,1,0,0,0,1,0,0,0,0,0,0,0,0,0,6
344,Male,55 - 64,"Laksa , Chili Crab,Curry laksa, Fish Head Curry, Roti Prata, Katong laksa ",1,1,0,0,0,0,0,0,1,0,0,1,0,0,0,1,0,0,0,0,1,0,0,0,6
345,Male,55 - 64,"Chili Crab, Char Kway Teow, Fish and Chips, Bak Kut Teh, Sambal Stingray, Crab Bee Hoon Soup",0,1,1,0,0,1,0,0,0,0,0,0,1,0,0,0,0,0,0,0,0,1,1,0,6
346,Male,55 - 64,"Char Kway Teow, Sliced Fish Soup, Chinese Economy Rice, Duck Rice, Fish Head Curry, Beef Kway Teow",0,0,1,0,1,0,1,0,0,0,1,1,0,0,0,0,0,0,0,1,0,0,0,0,6
347,Female,55 - 64,"Laksa , Char Kway Teow, Japanese Bento, Fish Head Curry, Cereal Prawn, Katong laksa ",1,0,1,0,0,0,0,1,0,0,0,1,0,0,0,0,0,0,1,0,1,0,0,0,6
348,Female,25 - 54,"Laksa , Hainanese Chicken Rice, Fish and Chips, Japanese Bento, Kway Chap, Black Pepper Crab",1,0,0,1,0,1,0,1,0,0,0,0,0,0,1,0,1,0,0,0,0,0,0,0,6
349,Male,15 - 24,"Laksa , Char Kway Teow, Fish and Chips, Japanese Bento, Cereal Prawn, Sambal Stingray",1,0,1,0,0,1,0,1,0,0,0,0,0,0,0,0,0,0,1,0,0,1,0,0,6
350,Male,15 - 24,"Laksa , Hainanese Chicken Rice, Fish and Chips, Japanese Bento, Hokkien Mee, Roti Prata",1,0,0,1,0,1,0,1,0,0,0,0,0,1,0,1,0,0,0,0,0,0,0,0,6
351,Female,15 - 24,"Laksa , Char Kway Teow, Sliced Fish Soup, Fish and Chips, Hokkien Mee, Sambal Stingray",1,0,1,0,1,1,0,0,0,0,0,0,0,1,0,0,0,0,0,0,0,1,0,0,6
352,Male,15 - 24,"Char Kway Teow, Hainanese Chicken Rice, Fish and Chips, Japanese Bento, Fish Head Curry, Hokkien Mee",0,0,1,1,0,1,0,1,0,0,0,1,0,1,0,0,0,0,0,0,0,0,0,0,6
353,Female,25 - 54,"Laksa , Sliced Fish Soup, Hokkien Mee, Sambal Stingray, Crab Bee Hoon Soup, Satay",1,0,0,0,1,0,0,0,0,0,0,0,0,1,0,0,0,0,0,0,0,1,1,1,6
354,Male,55 - 64,"Char Kway Teow, Fish Head Curry, Bak Kut Teh, Hokkien Mee, Roti Prata, Katong laksa ",0,0,1,0,0,0,0,0,0,0,0,1,1,1,0,1,0,0,0,0,1,0,0,0,6
355,Female,25 - 54,"Laksa , Char Kway Teow, Hokkien Mee, Kway Chap, Roti Prata, Satay",1,0,1,0,0,0,0,0,0,0,0,0,0,1,1,1,0,0,0,0,0,0,0,1,6
356,Male,25 - 54,"Chili Crab, Duck Rice, Fish Head Curry, Bak Kut Teh, Hokkien Mee, Satay",0,1,0,0,0,0,0,0,0,0,1,1,1,1,0,0,0,0,0,0,0,0,0,1,6
357,Male,15 - 24,"Laksa , Hainanese Chicken Rice, Fish and Chips, Japanese Bento, Bak Kut Teh, Roti Prata",1,0,0,1,0,1,0,1,0,0,0,0,1,0,0,1,0,0,0,0,0,0,0,0,6
358,Female,55 - 64,"Laksa , Japanese Bento, Fish Head Curry, Kway Chap, Black Pepper Crab, Satay",1,0,0,0,0,0,0,1,0,0,0,1,0,0,1,0,1,0,0,0,0,0,0,1,6
359,Male,14 and below,"Laksa , Hainanese Chicken Rice, Fish and Chips, Chinese Economy Rice, Japanese Bento, Roti Prata",1,0,0,1,0,1,1,1,0,0,0,0,0,0,0,1,0,0,0,0,0,0,0,0,6
